workload,pair,rounds,baseline_ns,glint_ns
tiny,0,2000,913125,814125
tiny,1,2000,906875,805417
tiny,2,2000,897833,802750
tiny,3,2000,918792,809625
tiny,4,2000,901083,807833
tiny,5,2000,909291,804792
tiny,6,2000,905375,811750
tiny,7,2000,913541,826584
tiny,8,2000,900625,815833
tiny,9,2000,911666,830875
tiny,10,2000,921833,811625
tiny,11,2000,914458,805750
tiny,12,2000,905291,825250
tiny,13,2000,929500,828083
tiny,14,2000,987000,835125
tiny,15,2000,893875,810958
tiny,16,2000,906209,795375
tiny,17,2000,893500,795625
tiny,18,2000,896292,814875
tiny,19,2000,941875,819959
corpus,0,1,86036083,95829542
corpus,1,1,82763083,98289834
corpus,2,1,83313041,94882666
corpus,3,1,82855500,96237667
corpus,4,1,82278292,95421500
corpus,5,1,82382041,95682292
corpus,6,1,86075584,96090041
corpus,7,1,84180750,97645625
corpus,8,1,85312459,96842708
corpus,9,1,82413833,98519208
corpus,10,1,83644250,98642708
corpus,11,1,85208459,99046500
corpus,12,1,84081791,96819417
corpus,13,1,85152291,97751833
corpus,14,1,83889208,99262541
corpus,15,1,83647458,97628125
corpus,16,1,84310084,95546917
corpus,17,1,82686625,97002334
corpus,18,1,82935625,96407000
corpus,19,1,83925500,95388709
